first_name,last_name,email,age,organization
Kaseem,Fischer,risus.In.mi@Nullamsuscipit.com,40,Gogo
Leroy,Spencer,netus.et.malesuada@nunc.ca,38,Google
Kaden,Harmon,Fusce.mi.lorem@lacusvestibulumlorem.co.uk,44,Grubhub
Sharon,Reed,in@etcommodo.ca,37,Gogo
Roary,Jackson,quam.elementum.at@egestaslaciniaSed.co.uk,25,Peapod
Brock,Montgomery,ipsum.primis.in@velmauris.ca,25,Motorola
Ori,Delgado,eget.laoreet.posuere@egestasDuis.co.uk,37,Gogo
Simon,Espinoza,Duis.cursus@Nuncsedorci.co.uk,27,Peapod
Herman,Pollard,Suspendisse.dui@loremsit.edu,35,Gogo
Zahir,Chavez,Nullam.velit@enimSed.org,34,Google
Josiah,Shaw,luctus.sit.amet@velitSedmalesuada.net,22,SAP
Aquila,Wall,Duis@luctuslobortis.co.uk,25,Grubhub
Jordan,Hensley,consequat.dolor@anteVivamus.org,18,Gogo
Howard,Frazier,egestas.Aliquam.nec@Vestibulumut.edu,38,Oracle
Joshua,Whitney,non.luctus.sit@velvulputateeu.edu,19,Oracle
Alden,Lucas,mi@disparturient.com,35,Groupon
Victor,William,urna.Nunc@atpedeCras.net,32,Grubhub
Charde,Hunt,magna@neque.ca,29,Salesforce
Aileen,Chandler,augue.scelerisque@Quisqueac.edu,21,Morningstar
Burke,Pickett,magna.malesuada.vel@dictum.ca,20,Google
Pamela,Wade,tellus.non.magna@nequeMorbi.co.uk,24,Motorola
Phelan,Norman,mauris.Suspendisse@ornare.org,33,Motorola
Amanda,Ortega,mauris.sit.amet@etmagnis.com,34,Peapod
Faith,Romero,nec@tellus.com,21,Gogo
Jeanette,Valdez,convallis.est@augueac.com,19,SAP
Ryan,Swanson,sit@cursuspurus.org,42,Oracle
Amber,Dawson,ornare.lectus.ante@ullamcorperDuiscursus.edu,25,Morningstar
Nigel,Noel,non.vestibulum.nec@in.edu,36,Groupon
Jakeem,Payne,orci@mollisDuis.net,41,Groupon
Zelenia,Bean,at.egestas.a@acturpis.org,34,Oracle
Jena,Martinez,nisl@idsapienCras.ca,27,Gogo
Brian,Delaney,sed.orci.lobortis@felis.com,40,Google
Kirsten,Howard,ultrices@magnaa.ca,33,Oracle
Darius,Butler,tincidunt.Donec.vitae@aodiosemper.net,19,Grubhub
Palmer,Torres,volutpat.nunc.sit@Fuscemilorem.com,32,Grubhub
Justine,Mathis,amet.ante.Vivamus@necenimNunc.edu,19,Peapod
Tatum,Mueller,eros@Integer.ca,43,Grubhub
Elvis,Ryan,Quisque.tincidunt.pede@scelerisquesedsapien.com,18,Morningstar
Ethan,Booker,montes.nascetur.ridiculus@Aliquamnec.ca,38,Morningstar
Cassady,Sellers,neque@necante.co.uk,18,Groupon
Ava,Olsen,lorem@Nam.co.uk,27,Groupon
Ivan,Cameron,ornare.libero.at@id.edu,22,Oracle
Germane,Pollard,eget.volutpat.ornare@massaQuisqueporttitor.edu,26,Salesforce
Kaitlin,Young,sem@metusAliquamerat.edu,26,Google
Sophia,Banks,luctus@nuncsitamet.com,25,Motorola
Martin,Ferguson,non@FuscefeugiatLorem.net,46,Google
Tucker,Cabrera,aliquam.eu@purusmauris.net,50,Google
Justin,Mason,Sed@egestasblanditNam.net,37,Gogo
Leilani,Barnett,blandit@nascetur.com,49,Google
Aiko,Mayo,risus.Quisque@Maecenasmalesuadafringilla.com,47,Oracle
Gretchen,Ramirez,id.blandit@eunequepellentesque.co.uk,43,Salesforce
Iliana,Cross,penatibus@lectusNullamsuscipit.com,18,Grubhub
Francesca,Walls,vitae@etmagnisdis.ca,27,Gogo
Chloe,Figueroa,Pellentesque.habitant@dolorFuscefeugiat.co.uk,43,Motorola
Vladimir,Guzman,ac@Aliquam.org,19,Oracle
Edward,Mcbride,eu.odio.tristique@dui.org,25,Oracle
Octavia,Gray,gravida.Praesent@loremvitae.ca,22,Grubhub
Jonah,Berry,Suspendisse@orci.org,45,Peapod
Demetrius,Rosario,mauris.a.nunc@rutrum.org,45,Morningstar
Zachery,Cooper,tellus.id@lacusvariuset.net,41,Salesforce
Ruth,Schroeder,ut@sit.org,30,Groupon
Jaden,Flores,eu.tempor@Maecenas.ca,36,Grubhub
Finn,Thornton,amet@elitCurabitursed.com,19,Groupon
Logan,Nixon,a@inconsequatenim.ca,47,Grubhub
Iola,Sherman,elit@odioNaminterdum.ca,24,Motorola
Lacy,Hooper,Donec.tincidunt@ridiculus.co.uk,49,Oracle
Brittany,Ward,Aenean@eros.net,26,Motorola
Quentin,Reyes,Morbi.vehicula@dolordolortempus.co.uk,28,Gogo
Adrian,Harding,est.ac@placerataugue.org,24,Morningstar
Lane,Perkins,ante@tincidunt.edu,46,Groupon
Thaddeus,Hart,velit@nonmassa.edu,45,Grubhub
Brenda,Villarreal,luctus.et@Nullafacilisis.co.uk,30,Motorola
Elaine,Page,magnis.dis@sollicitudinadipiscing.co.uk,49,Salesforce
Regan,Hatfield,Proin@rutrumeuultrices.net,49,Oracle
Acton,Martinez,Integer@molestiearcu.co.uk,26,Motorola
Cooper,Rich,dignissim.magna.a@ultriciesdignissim.edu,20,Salesforce
Bevis,Mayo,non.dapibus@Mauris.net,45,Grubhub
Cheyenne,Nichols,lectus.pede@Suspendisseseddolor.net,36,Peapod
Warren,Mendez,Aliquam@posuere.net,49,Gogo
Porter,Glover,Ut@CraspellentesqueSed.ca,18,Oracle
Kane,Booth,diam@sapienmolestieorci.net,43,SAP
Rudyard,Donaldson,ante@scelerisque.edu,46,SAP
Raven,Tanner,ultrices@lobortis.co.uk,27,SAP
Amena,Weaver,gravida.Aliquam.tincidunt@egettincidunt.org,37,Oracle
Channing,Lopez,laoreet.ipsum@insodaleselit.co.uk,47,Morningstar
Audrey,Buchanan,Nulla.facilisi.Sed@mollisnon.edu,41,Oracle
Charde,Skinner,non@vitae.net,40,Groupon
Cora,Hamilton,non@ornareliberoat.ca,23,Groupon
Elvis,Shepherd,netus.et@Maurisvestibulumneque.co.uk,49,Google
Angela,Gallegos,nunc@Curabitur.edu,47,Motorola
Brock,Levy,eu@necorciDonec.co.uk,32,Gogo
James,Hill,tempor.bibendum.Donec@turpis.co.uk,26,Morningstar
Nash,Avila,pede@MaurisnullaInteger.edu,19,Oracle
Rebekah,Carey,eget@neccursusa.edu,42,Peapod
Cedric,Cooke,Integer.vulputate@ligulatortor.edu,48,Motorola
Blaze,Gould,at@egestas.com,33,Oracle
Jonas,Ochoa,lorem.ipsum.sodales@mollis.edu,35,Oracle
Athena,Dillon,eu.neque.pellentesque@arcuVestibulumante.net,45,Peapod
Yvette,Dixon,lacus@est.edu,22,Motorola
Melodie,Sims,adipiscing@elitelit.org,48,Grubhub
Quentin,Clay,lorem.ipsum@Nuncac.com,25,Sem LLC
Elvis,Cline,Duis.sit@egestas.org,32,Et PC
Colt,Mccall,eu.dui@magna.edu,42,Morbi LLP
Wang,Woods,nulla.magna.malesuada@elitdictumeu.com,33,Sapien Imperdiet Ornare Corporation
Kitra,Reynolds,aliquam@magnaCras.edu,25,Nec Euismod Company
Gloria,York,neque@luctus.ca,43,Et Libero Foundation
Ella,Fowler,diam.vel.arcu@facilisisSuspendissecommodo.ca,29,Fermentum Institute
Rudyard,Lang,auctor.vitae.aliquet@enimgravida.com,24,Volutpat Nulla Facilisis LLC
Zelenia,Moran,justo.faucibus.lectus@Aliquam.co.uk,35,Volutpat Nulla Facilisis LLC
Priscilla,Hammond,quam@liberoMorbiaccumsan.ca,28,Vestibulum Ante Incorporated
Cailin,Hess,nisi@euenim.co.uk,25,Pretium Aliquet Consulting
Simon,Noble,Aenean.egestas@Duisrisus.co.uk,60,Integer Mollis LLC
Grant,Dunlap,odio.Etiam.ligula@arcu.net,38,Nec Euismod Company
Dane,Joyner,Nunc@auguescelerisquemollis.co.uk,19,Lorem Eget LLC
Wendy,Hines,ac.orci@etarcu.ca,60,Enim Sed Nulla Corp.
Ocean,Griffin,nec.ante.Maecenas@Suspendisse.edu,59,Magna Nam Ltd
Zachary,Hickman,dolor.tempus.non@Fuscediam.net,32,Nulla Consulting
Bernard,Hatfield,et.magnis@justoeu.ca,30,Sapien Imperdiet Ornare Corporation
Byron,Woodard,libero.nec@facilisisvitaeorci.org,60,Nec Euismod Company
Aretha,Giles,sit.amet.luctus@estNuncullamcorper.org,58,Nec Tempus LLC
Madeline,Anderson,metus.Vivamus@erat.org,19,Pretium Et Foundation
Rylee,Patrick,nec@Nullamenim.co.uk,37,Tellus Inc.
Malik,Mcconnell,Morbi.quis.urna@ultriciesadipiscing.com,59,Sem LLC
Britanni,Hess,consequat.auctor.nunc@placerataugueSed.org,43,Metus Facilisis Lorem Consulting
Dieter,Howe,non@dolor.ca,36,Odio A Purus LLC
Lara,Blair,orci.Ut@Aeneansedpede.net,40,Nunc Incorporated
Hiram,Montoya,dolor@ategestasa.co.uk,38,Luctus Et Associates
Graiden,Gilliam,Morbi@mauris.co.uk,27,In Institute
Ursa,Hayes,Mauris@Aeneangravida.edu,21,Suspendisse Tristique Neque Corp.
Price,Norman,fringilla.porttitor@Maecenasiaculisaliquet.net,40,Nam Company
Uma,Jones,nec.orci@dis.org,38,Arcu Ac Orci Ltd
Natalie,Delaney,Suspendisse.non.leo@ametdiameu.edu,48,Pellentesque Ut Ipsum Ltd
Maxine,Branch,volutpat@magnaaneque.com,42,At Libero Foundation
Susan,Kent,mattis.velit.justo@maurisSuspendissealiquet.org,49,Sapien Imperdiet Ornare Corporation
Bevis,Vargas,vulputate@Aeneangravida.net,52,Ut Nec Industries
Zelenia,Butler,vehicula@sollicitudincommodoipsum.co.uk,47,A Scelerisque Ltd
Alfonso,Park,purus.Nullam@tempusrisusDonec.com,38,Tincidunt Pede Company
Freya,Gilbert,Phasellus.libero.mauris@nonnisi.org,31,Ac Ipsum Phasellus Institute
Adele,Horne,sagittis.lobortis@nuncnullavulputate.org,38,Mauris Non Dui Incorporated
Zena,Prince,quam.quis@quisaccumsan.edu,18,Malesuada Foundation
Ali,Castro,neque@at.ca,46,Magna Lorem Ipsum Associates
Hall,Sandoval,Proin.mi@volutpat.edu,54,Mi Felis Incorporated
Chadwick,Ratliff,lacus.Mauris@acarcu.com,34,Leo In Associates
Cody,Foley,fermentum.vel@erosnonenim.edu,41,Tristique Corporation
Kylie,Bailey,Donec.luctus@augueporttitor.org,52,Nec Euismod Company
Oren,Harding,amet.consectetuer@consequatnecmollis.ca,43,Sem LLC
Bert,Lowe,ut.nisi.a@aliquetdiam.edu,26,Sapien Imperdiet Ornare Corporation
Savannah,Hardy,ac.ipsum.Phasellus@sagittislobortis.com,23,Proin Limited
Cassidy,Conrad,cursus.Nunc@metusvitaevelit.edu,30,Vestibulum Nec Foundation
Joan,Landry,quam.elementum@dignissim.org,47,Semper Tellus Id Industries
Leilani,Ellis,Vivamus.non.lorem@sem.co.uk,31,Mi Felis Adipiscing Associates
Casey,Marshall,faucibus@nullavulputatedui.edu,31,Sociis Natoque Penatibus Consulting
Wanda,Bennett,risus.Morbi@ligula.co.uk,41,Sapien Cursus Incorporated
Nehru,Gilmore,felis@semegestas.co.uk,47,Iaculis Nec Eleifend Ltd
Adrian,Alford,Quisque@sodalesnisi.com,39,Sem LLC
Lionel,Harper,a@cursusin.ca,58,Sapien Imperdiet Ornare Corporation
Eden,Cervantes,non@semmolestie.ca,30,Faucibus Morbi Vehicula Foundation
Steel,Baker,gravida@inconsectetuer.edu,60,Nec Euismod Company
Wendy,Soto,egestas.nunc@lacuspede.co.uk,40,Sem Ut Company
Alisa,Fuller,Integer@acnulla.com,30,Sapien Imperdiet Ornare Corporation
Wesley,Jones,felis.adipiscing@nuncInat.org,54,Mauris Sagittis Placerat Associates
Germane,Porter,In.tincidunt.congue@nequeseddictum.ca,20,Libero Mauris Aliquam Company
Hamilton,Delacruz,dolor.Fusce@Maurisquis.com,51,Facilisis Suspendisse Foundation
Alana,Joyner,felis.ullamcorper.viverra@Ut.com,47,Aliquam Fringilla Cursus Corp.
Hedda,Hughes,ornare.facilisis@sitamet.co.uk,24,Ultricies PC
Oprah,Norris,neque.Nullam@pede.net,20,Aliquet LLC
Sara,Orr,placerat@Duisatlacus.co.uk,41,Eu Euismod Limited
Adena,Farmer,volutpat@arcuNunc.ca,48,Integer Sem Corp.
Brielle,Mcclain,sed@nonummy.co.uk,47,Purus Gravida Sagittis Corp.
Randall,Cunningham,mollis@disparturientmontes.org,33,Fermentum Arcu Vestibulum Industries
Carissa,Schneider,mauris@estconguea.ca,19,Vel Sapien Institute
Cooper,Trevino,malesuada.ut.sem@scelerisque.net,34,Quisque Fringilla Consulting
Travis,Lindsay,accumsan.sed.facilisis@idrisusquis.net,56,Id Foundation
Jocelyn,Winters,sit.amet@auctor.ca,54,Nec Diam Duis Incorporated
Ferdinand,Wilkins,Donec.consectetuer@aliquamadipiscinglacus.net,41,Aliquam Fringilla Cursus Corp.
Mark,Gilliam,natoque@musDonec.co.uk,27,Pede Institute
Wanda,Dudley,quis.diam.Pellentesque@Maurismolestie.ca,23,Et Rutrum Eu Corp.
Yael,Acosta,pretium@vitaesemper.edu,53,Pulvinar Limited
Seth,Mcintyre,ac.facilisis.facilisis@at.com,28,Suspendisse Sagittis Nullam Corp.
Flavia,Morin,ridiculus.mus.Proin@ut.ca,59,Aliquet Phasellus Fermentum Associates
September,Mcgee,consectetuer.rhoncus@Duiscursus.org,19,Sed Associates
Raphael,Foreman,nunc@semper.ca,33,Elit Pede Malesuada Corporation
Hermione,Mueller,auctor@nisi.ca,55,Nec Euismod Company
Cameron,Booth,est@nonummyipsum.org,38,Accumsan Neque Et Corporation
Gail,Becker,orci.in@tellusnonmagna.ca,45,Lectus Quis Ltd
Wang,Parrish,cursus.diam.at@ut.com,52,Massa Limited
Lamar,Manning,diam.Sed.diam@id.org,41,Sit Amet Company
Thaddeus,Rowland,metus.Aliquam@tinciduntDonecvitae.net,57,Adipiscing Lacus Ut Foundation
Hadassah,Juarez,tempor@metus.org,33,Semper Auctor Industries
Guinevere,Webb,non@infelisNulla.com,25,Aliquam Fringilla Cursus Corp.
Rose,Vasquez,tellus@ipsumportaelit.com,44,Nec Tempus Institute
Chloe,Stanley,velit.eu@Aliquamvulputate.com,18,Aliquam Fringilla Cursus Corp.
Porter,Ryan,ligula.Aenean@quisurna.org,36,Magna Company
Medge,Leon,lobortis.mauris@risusodioauctor.com,43,Cras Associates
Brandon,Bruce,ligula.Aliquam@duiquis.net,51,Aliquam Fringilla Cursus Corp.
Kevin,Lloyd,turpis@ataugue.com,52,In Felis Nulla Institute
Gail,Bates,enim.Curabitur@Duisatlacus.org,35,Sem Ut Inc.
Kitra,Osborn,nec@Integerinmagna.com,60,Aliquam Fringilla Cursus Corp.
Isaac,Greene,facilisis.lorem@nonmassanon.co.uk,21,Adipiscing Elit Etiam Consulting
Elliott,Richardson,magna.et.ipsum@lectusNullam.net,51,Nec Tempus Institute
